{
  "type": "minecraft:smithing_transform",
  "base": {
    "item": "minecraft:netherite_boots"
  },
  "addition": {
    "item": "minecraft:netherite_block"
  },
  "template": {
    "item": "minecraft:nether_star"
  },
  "result": {
    "id": "minecraft:netherite_boots",
    "components": {
      "minecraft:unbreakable": {
        "show_in_tooltip": true
      },
      "minecraft:custom_name": "\"Boots of the Ancient Builders\"",
      "minecraft:rarity": "epic",
      "minecraft:attribute_modifiers": {
        "modifiers": [
          {
            "type": "minecraft:generic.fall_damage_multiplier",
            "id": "minecraft:",
            "amount": -0.25,
            "operation": "add_multiplied_total",
            "slot": "armor"
          },
          {
            "type": "minecraft:generic.movement_efficiency",
            "id": "minecraft:",
            "amount": 0.75,
            "operation": "add_value",
            "slot": "armor"
          },
          {
            "type": "minecraft:generic.water_movement_efficiency",
            "id": "minecraft:",
            "amount": 0.75,
            "operation": "add_value",
            "slot": "armor"
          },
          {
            "type": "minecraft:player.sneaking_speed",
            "id": "minecraft:",
            "amount": 0.5,
            "operation": "add_value",
            "slot": "armor"
          },
          {
            "type": "minecraft:generic.movement_speed",
            "id": "minecraft:",
            "amount": 0.25,
            "operation": "add_multiplied_base",
            "slot": "armor"
          }
        ],
        "show_in_tooltip": true
      }
    },
    "count": 1
  }
}