{
  "type": "minecraft:smithing_transform",
  "base": {
    "item": "minecraft:netherite_chestplate"
  },
  "addition": {
    "item": "minecraft:netherite_block"
  },
  "template": {
    "item": "minecraft:nether_star"
  },
  "result": {
    "id": "minecraft:netherite_chestplate",
    "components": {
      "minecraft:unbreakable": {
        "show_in_tooltip": true
      },
      "minecraft:custom_name": "\"Chestplate of the Ancient Builders\"",
      "minecraft:rarity": "epic",
      "minecraft:attribute_modifiers": {
        "modifiers": [
          {
            "type": "minecraft:generic.scale",
            "id": "minecraft:",
            "amount": 0.25,
            "operation": "add_multiplied_base",
            "slot": "armor"
          },
          {
            "type": "minecraft:generic.max_health",
            "id": "minecraft:",
            "amount": 10,
            "operation": "add_value",
            "slot": "armor"
          },
          {
            "type": "minecraft:generic.armor_toughness",
            "id": "minecraft:",
            "amount": 0.5,
            "operation": "add_value",
            "slot": "armor"
          },
          {
            "type": "minecraft:generic.armor",
            "id": "minecraft:",
            "amount": 0.75,
            "operation": "add_multiplied_base",
            "slot": "armor"
          }
        ],
        "show_in_tooltip": true
      }
    },
    "count": 1
  }
}