{
  "type": "minecraft:smithing_transform",
  "base": {
    "item": "minecraft:netherite_helmet"
  },
  "addition": {
    "item": "minecraft:netherite_block"
  },
  "template": {
    "item": "minecraft:nether_star"
  },
  "result": {
    "id": "minecraft:netherite_helmet",
    "components": {
      "minecraft:unbreakable": {
        "show_in_tooltip": true
      },
      "minecraft:custom_name": "\"Helmet of the Ancient Builders\"",
      "minecraft:rarity": "epic",
      "minecraft:attribute_modifiers": {
        "modifiers": [
          {
            "type": "minecraft:generic.flying_speed",
            "id": "minecraft:",
            "amount": 0.5,
            "operation": "add_multiplied_base",
            "slot": "armor"
          },
          {
            "type": "minecraft:generic.oxygen_bonus",
            "id": "minecraft:",
            "amount": 0.5,
            "operation": "add_multiplied_base",
            "slot": "armor"
          }
        ],
        "show_in_tooltip": true
      }
    },
    "count": 1
  }
}