{
  "type": "minecraft:smithing_transform",
  "base": {
    "item": "minecraft:netherite_pickaxe"
  },
  "addition": {
    "item": "minecraft:netherite_block"
  },
  "template": {
    "item": "minecraft:nether_star"
  },
  "result": {
    "id": "minecraft:netherite_pickaxe",
    "components": {
      "minecraft:unbreakable": {
        "show_in_tooltip": true
      },
      "minecraft:custom_name": "\"Pickaxe of the Ancient Builders\"",
      "minecraft:rarity": "epic",
      "minecraft:attribute_modifiers": {
        "modifiers": [
          {
            "type": "minecraft:player.mining_efficiency",
            "id": "minecraft:",
            "amount": 0.5,
            "operation": "add_multiplied_base",
            "slot": "any"
          },
          {
            "type": "minecraft:player.submerged_mining_speed",
            "id": "minecraft:",
            "amount": 1,
            "operation": "add_multiplied_base",
            "slot": "any"
          },
          {
            "type": "minecraft:player.block_break_speed",
            "id": "minecraft:",
            "amount": 2,
            "operation": "add_multiplied_base",
            "slot": "any"
          }
        ]
      }
    },
    "count": 1
  }
}