{
  "type": "minecraft:smithing_transform",
  "base": {
    "item": "minecraft:netherite_sword"
  },
  "addition": {
    "item": "minecraft:netherite_block"
  },
  "template": {
    "item": "minecraft:nether_star"
  },
  "result": {
    "id": "minecraft:netherite_sword",
    "components": {
      "minecraft:unbreakable": {
        "show_in_tooltip": true
      },
      "minecraft:custom_name": "\"Sword of the Ancient Builders\"",
      "minecraft:rarity": "epic",
      "minecraft:attribute_modifiers": {
        "modifiers": [
          {
            "type": "minecraft:generic.attack_speed",
            "id": "minecraft:",
            "amount": 0.75,
            "operation": "add_value",
            "slot": "any"
          }
        ]
      }
    },
    "count": 1
  }
}